{"cameraMode":{"drawMode":0,"name":"Shaded","section":"Shading Mode"},"sceneLighting":true,"audioPlay":false,"sceneViewState":{"showFog":true,"showMaterialUpdate":false,"showSkybox":true,"showFlares":true,"showImageEffects":true,"showParticleSystems":true},"in2DMode":false,"pivot":{"x":0.4500850737094879,"y":-227.54046630859376,"z":-10.513814926147461},"rotation":{"x":-0.47059667110443118,"y":-0.2578730285167694,"z":0.14459207653999329,"w":-0.8317777514457703},"size":220.4785614013672,"orthographic":false}