{"cameraMode":{"drawMode":0,"name":"Shaded","section":"Shading Mode"},"sceneLighting":true,"audioPlay":false,"sceneViewState":{"showFog":true,"showMaterialUpdate":false,"showSkybox":true,"showFlares":true,"showImageEffects":true,"showParticleSystems":true},"in2DMode":false,"pivot":{"x":-3.3410606384277345,"y":0.8535884022712708,"z":3.248939275741577},"rotation":{"x":0.08637353032827378,"y":0.23186902701854707,"z":-0.019141511991620065,"w":0.9691417217254639},"size":3.926035165786743,"orthographic":false}