{"cameraMode":{"drawMode":0,"name":"Shaded","section":"Shading Mode"},"sceneLighting":false,"audioPlay":false,"sceneViewState":{"showFog":true,"showMaterialUpdate":false,"showSkybox":false,"showFlares":true,"showImageEffects":true,"showParticleSystems":true},"in2DMode":false,"pivot":{"x":-1.3894999027252198,"y":1.0,"z":1.8199999332427979},"rotation":{"x":-0.2362552434206009,"y":-0.048952020704746249,"z":0.011919299140572548,"w":-0.9704235196113586},"size":2.165066719055176,"orthographic":false}