{"cameraMode":{"drawMode":0,"name":"Shaded","section":"Shading Mode"},"sceneLighting":false,"audioPlay":false,"sceneViewState":{"showFog":true,"showMaterialUpdate":false,"showSkybox":false,"showFlares":true,"showImageEffects":true,"showParticleSystems":true},"in2DMode":false,"pivot":{"x":0.0,"y":199.35501098632813,"z":1.3614400625228882},"rotation":{"x":-0.33305808901786806,"y":0.0796290710568428,"z":-0.02826615422964096,"w":-0.9391278028488159},"size":1.345740556716919,"orthographic":false}