{"cameraMode":{"drawMode":0,"name":"Shaded","section":"Shading Mode"},"sceneLighting":false,"audioPlay":false,"sceneViewState":{"showFog":true,"showMaterialUpdate":false,"showSkybox":false,"showFlares":true,"showImageEffects":true,"showParticleSystems":true},"in2DMode":false,"pivot":{"x":-13.9886474609375,"y":747.3857421875,"z":3.0856266021728517},"rotation":{"x":-0.06091656908392906,"y":0.8317403197288513,"z":-0.5444878339767456,"w":-0.09303656220436096},"size":7.099782943725586,"orthographic":false}