{"cameraMode":{"drawMode":0,"name":"Shaded","section":"Shading Mode"},"sceneLighting":false,"audioPlay":false,"sceneViewState":{"showFog":true,"showMaterialUpdate":false,"showSkybox":false,"showFlares":true,"showImageEffects":true,"showParticleSystems":true},"in2DMode":false,"pivot":{"x":0.000008754199370741844,"y":0.08780845254659653,"z":-0.0001143026165664196},"rotation":{"x":-0.22145387530326844,"y":0.5921903848648071,"z":-0.1737162172794342,"w":-0.7550627589225769},"size":0.004032039549201727,"orthographic":false}