{"cameraMode":{"drawMode":0,"name":"Shaded","section":"Shading Mode"},"sceneLighting":false,"audioPlay":false,"sceneViewState":{"showFog":true,"showMaterialUpdate":false,"showSkybox":false,"showFlares":true,"showImageEffects":true,"showParticleSystems":true},"in2DMode":false,"pivot":{"x":-1.3894997835159302,"y":34.91061782836914,"z":2.0999999046325685},"rotation":{"x":-0.0366688035428524,"y":-0.7582640647888184,"z":0.6495245099067688,"w":-0.04280553758144379},"size":34.57439422607422,"orthographic":false}