{"cameraMode":{"drawMode":0,"name":"Shaded","section":"Shading Mode"},"sceneLighting":false,"audioPlay":false,"sceneViewState":{"showFog":true,"showMaterialUpdate":false,"showSkybox":false,"showFlares":true,"showImageEffects":true,"showParticleSystems":true},"in2DMode":false,"pivot":{"x":-1.3894999027252198,"y":1.0,"z":1.8199999332427979},"rotation":{"x":-0.406866192817688,"y":0.25770270824432375,"z":-0.12082350999116898,"w":-0.8680621385574341},"size":1.8650667667388917,"orthographic":false}