{"cameraMode":{"drawMode":0,"name":"Shaded","section":"Shading Mode"},"sceneLighting":true,"audioPlay":false,"sceneViewState":{"showFog":true,"showMaterialUpdate":false,"showSkybox":true,"showFlares":true,"showImageEffects":true,"showParticleSystems":true},"in2DMode":false,"pivot":{"x":-3.418689012527466,"y":79.899658203125,"z":-1.2834630012512208},"rotation":{"x":0.5492628216743469,"y":-0.12553927302360536,"z":0.0829869955778122,"w":0.8226807117462158},"size":3.827547311782837,"orthographic":false}