{"cameraMode":{"drawMode":0,"name":"Shaded","section":"Shading Mode"},"sceneLighting":false,"audioPlay":false,"sceneViewState":{"showFog":true,"showMaterialUpdate":false,"showSkybox":false,"showFlares":true,"showImageEffects":true,"showParticleSystems":true},"in2DMode":false,"pivot":{"x":-1.3894271850585938,"y":33.987823486328128,"z":1.0500736236572266},"rotation":{"x":-0.7670450210571289,"y":0.0037942545022815468,"z":0.004978169687092304,"w":0.6416364908218384},"size":7.734836578369141,"orthographic":false}