{"cameraMode":{"drawMode":0,"name":"Shaded","section":"Shading Mode"},"sceneLighting":false,"audioPlay":false,"sceneViewState":{"showFog":true,"showMaterialUpdate":false,"showSkybox":false,"showFlares":true,"showImageEffects":true,"showParticleSystems":true},"in2DMode":false,"pivot":{"x":0.0,"y":198.2100067138672,"z":-2.384185791015625e-7},"rotation":{"x":0.6446087956428528,"y":-0.022143088281154634,"z":0.017668701708316804,"w":0.7644409537315369},"size":4.3071064949035648,"orthographic":false}