{"cameraMode":{"drawMode":0,"name":"Shaded","section":"Shading Mode"},"sceneLighting":false,"audioPlay":false,"sceneViewState":{"showFog":true,"showMaterialUpdate":false,"showSkybox":false,"showFlares":true,"showImageEffects":true,"showParticleSystems":true},"in2DMode":false,"pivot":{"x":-15.600010871887207,"y":145.28314208984376,"z":0.0},"rotation":{"x":-0.01908845268189907,"y":0.9686424732208252,"z":0.23939308524131776,"w":0.06962180882692337},"size":95.29647064208985,"orthographic":false}