{"cameraMode":{"drawMode":0,"name":"Shaded","section":"Shading Mode"},"sceneLighting":true,"audioPlay":false,"sceneViewState":{"showFog":true,"showMaterialUpdate":false,"showSkybox":true,"showFlares":true,"showImageEffects":true,"showParticleSystems":true},"in2DMode":false,"pivot":{"x":-44.702457427978519,"y":-9.065410614013672,"z":-11.919990539550782},"rotation":{"x":0.6559754610061646,"y":0.18375886976718903,"z":-0.17162203788757325,"w":0.7124823331832886},"size":3.8130276203155519,"orthographic":false}