{"cameraMode":{"drawMode":0,"name":"Shaded","section":"Shading Mode"},"sceneLighting":true,"audioPlay":false,"sceneViewState":{"showFog":true,"showMaterialUpdate":false,"showSkybox":true,"showFlares":true,"showImageEffects":true,"showParticleSystems":true},"in2DMode":false,"pivot":{"x":-3.3410606384277345,"y":0.8535884022712708,"z":3.248939275741577},"rotation":{"x":0.08342201262712479,"y":-0.09770568460226059,"z":0.00970560684800148,"w":0.9920814037322998},"size":3.040646553039551,"orthographic":false}