{"cameraMode":{"drawMode":0,"name":"Shaded","section":"Shading Mode"},"sceneLighting":true,"audioPlay":false,"sceneViewState":{"showFog":true,"showMaterialUpdate":false,"showSkybox":true,"showFlares":true,"showImageEffects":true,"showParticleSystems":true},"in2DMode":false,"pivot":{"x":34.78040313720703,"y":94.49423217773438,"z":24.87712860107422},"rotation":{"x":-0.36476123332977297,"y":0.6202318072319031,"z":-0.3945336937904358,"w":-0.5720854997634888},"size":45.578887939453128,"orthographic":false}