{"cameraMode":{"drawMode":0,"name":"Shaded","section":"Shading Mode"},"sceneLighting":true,"audioPlay":false,"sceneViewState":{"showFog":true,"showMaterialUpdate":false,"showSkybox":true,"showFlares":true,"showImageEffects":true,"showParticleSystems":true},"in2DMode":false,"pivot":{"x":-1.7844641208648682,"y":4.9862213134765629,"z":-5.3183088302612309},"rotation":{"x":-0.09759525954723358,"y":0.7879941463470459,"z":-0.5948712825775147,"w":-0.12752434611320496},"size":261.697265625,"orthographic":false}