{"cameraMode":{"drawMode":0,"name":"Shaded","section":"Shading Mode"},"sceneLighting":true,"audioPlay":false,"sceneViewState":{"showFog":true,"showMaterialUpdate":false,"showSkybox":true,"showFlares":true,"showImageEffects":true,"showParticleSystems":true},"in2DMode":false,"pivot":{"x":-19.296737670898439,"y":124.77752685546875,"z":-188.7438507080078},"rotation":{"x":0.11446575820446015,"y":-0.8515711426734924,"z":0.4721967279911041,"w":0.20023125410079957},"size":353.292724609375,"orthographic":false}