{"cameraMode":{"drawMode":0,"name":"Shaded","section":"Shading Mode"},"sceneLighting":false,"audioPlay":false,"sceneViewState":{"showFog":true,"showMaterialUpdate":false,"showSkybox":false,"showFlares":true,"showImageEffects":true,"showParticleSystems":true},"in2DMode":false,"pivot":{"x":164.52706909179688,"y":18.533920288085939,"z":127.49642181396485},"rotation":{"x":-0.43241146206855776,"y":0.022175263613462449,"z":-0.01063838042318821,"w":-0.90134197473526},"size":156.3746337890625,"orthographic":false}