{"cameraMode":{"drawMode":0,"name":"Shaded","section":"Shading Mode"},"sceneLighting":true,"audioPlay":false,"sceneViewState":{"showFog":true,"showMaterialUpdate":false,"showSkybox":true,"showFlares":true,"showImageEffects":true,"showParticleSystems":true},"in2DMode":false,"pivot":{"x":143.1770477294922,"y":566.2723999023438,"z":-145.77430725097657},"rotation":{"x":0.6145506501197815,"y":-0.3719276785850525,"z":0.4106227159500122,"w":0.5628325939178467},"size":296.4280090332031,"orthographic":false}